sample_id,dataset_name,method,method_kind,round_id,input_length,round_start_length,historical_token_budget,update_ratio,absolute_update_limit,candidate_factor,draft_length,accepted_length,all_accepted,zero_accepted,generated_tokens_so_far,probe_endpoint_coverage_vs_per_query_attention_oracle,probe_best_static_coverage_vs_per_query_attention_oracle,selection_recall_pos_1,attention_recovery_pos_1,replacements_after_pos_1,candidate_tokens_after_pos_1,candidate_recall_after_pos_1,entrant_precision_after_pos_1,updated_overlap_after_pos_1,qk_evaluations_after_pos_1,true_entrants_after_pos_1,selection_recall_pos_2,attention_recovery_pos_2,replacements_after_pos_2,candidate_tokens_after_pos_2,candidate_recall_after_pos_2,entrant_precision_after_pos_2,updated_overlap_after_pos_2,qk_evaluations_after_pos_2,true_entrants_after_pos_2,selection_recall_pos_3,attention_recovery_pos_3,replacements_after_pos_3,candidate_tokens_after_pos_3,candidate_recall_after_pos_3,entrant_precision_after_pos_3,updated_overlap_after_pos_3,qk_evaluations_after_pos_3,true_entrants_after_pos_3,selection_recall_pos_4,attention_recovery_pos_4,replacements_after_pos_4,candidate_tokens_after_pos_4,candidate_recall_after_pos_4,entrant_precision_after_pos_4,updated_overlap_after_pos_4,qk_evaluations_after_pos_4,true_entrants_after_pos_4,selection_recall_pos_5,attention_recovery_pos_5,replacements_after_pos_5,candidate_tokens_after_pos_5,candidate_recall_after_pos_5,entrant_precision_after_pos_5,updated_overlap_after_pos_5,qk_evaluations_after_pos_5,true_entrants_after_pos_5,selection_recall_pos_6,attention_recovery_pos_6,replacements_after_pos_6,candidate_tokens_after_pos_6,candidate_recall_after_pos_6,entrant_precision_after_pos_6,updated_overlap_after_pos_6,qk_evaluations_after_pos_6,true_entrants_after_pos_6,selection_recall_pos_7,attention_recovery_pos_7,replacements_after_pos_7,candidate_tokens_after_pos_7,candidate_recall_after_pos_7,entrant_precision_after_pos_7,updated_overlap_after_pos_7,qk_evaluations_after_pos_7,true_entrants_after_pos_7,selection_recall_pos_8,attention_recovery_pos_8,replacements_after_pos_8,candidate_tokens_after_pos_8,candidate_recall_after_pos_8,entrant_precision_after_pos_8,updated_overlap_after_pos_8,qk_evaluations_after_pos_8,true_entrants_after_pos_8
2wikimqa-83,2wikimqa,oracle_incremental_r0.01,oracle_incremental,1,8192,8192,820,0.01,0,0.0,8,8,1,0,9,,,0.9664295392953929,0.9900640793694119,9,7372,1.0,1.0,0.7747967479674797,0,193.66666666666666,0.7747967479674797,0.9877319239156864,9,7373,1.0,1.0,0.7304878048780488,0,230,0.7304878048780488,0.9870875801177853,9,7374,1.0,1.0,0.7245257452574526,0,234.88888888888889,0.7245257452574526,0.9886108722048033,9,7375,1.0,1.0,0.6659214092140922,0,282.94444444444446,0.6659214092140922,0.9825745140738305,9,7376,1.0,1.0,0.6104674796747968,0,328.4166666666667,0.6104674796747968,0.9513122508999484,9,7377,1.0,1.0,0.7135840108401084,0,243.86111111111111,0.7135840108401084,0.9918773647499777,9,7378,1.0,1.0,0.7246273712737128,0,234.80555555555554,0.7246273712737128,0.9924461876201983,0.0,0.0,0.0,0.0,0.0,0.0,0.0
2wikimqa-83,2wikimqa,oracle_incremental_r0.01,oracle_incremental,2,8192,8201,820,0.01,0,0.0,7,7,0,0,16,,,0.8311653116531166,0.9936427767620349,9,7381,1.0,1.0,0.7548780487804878,0,210,0.7548780487804878,0.9881822235312437,9,7382,1.0,1.0,0.6153116531165311,0,324.44444444444446,0.6153116531165311,0.940945713904356,9,7383,1.0,1.0,0.5674457994579946,0,363.69444444444446,0.5674457994579946,0.9240110384366795,9,7384,1.0,1.0,0.5997628726287263,0,337.19444444444446,0.5997628726287263,0.9505365753659212,9,7385,1.0,1.0,0.5703929539295393,0,361.27777777777777,0.5703929539295393,0.9387575090158599,9,7386,1.0,1.0,0.5907181571815718,0,344.6111111111111,0.5907181571815718,0.9554634592247183,0.0,0.0,0.0,0.0,0.0,0.0,0.0,,,,,,,,,
2wikimqa-83,2wikimqa,oracle_incremental_r0.02,oracle_incremental,1,8192,8192,820,0.02,0,0.0,8,8,1,0,9,,,0.9664295392953929,0.9900640793694119,17,7372,1.0,1.0,0.7840785907859079,0,194.05555555555554,0.7840785907859079,0.9882977157534639,17,7373,1.0,1.0,0.7449186991869918,0,226.16666666666666,0.7449186991869918,0.9877603460154687,17,7374,1.0,1.0,0.7433943089430894,0,227.41666666666666,0.7433943089430894,0.9891585593058199,17,7375,1.0,1.0,0.6898712737127372,0,271.30555555555554,0.6898712737127372,0.9841618283060309,17,7376,1.0,1.0,0.6418021680216802,0,310.72222222222223,0.6418021680216802,0.9574645822515536,17,7377,1.0,1.0,0.7488143631436315,0,222.97222222222223,0.7488143631436315,0.9930809049416282,17,7378,1.0,1.0,0.7626355013550136,0,211.63888888888889,0.7626355013550136,0.9934442459017314,0.0,0.0,0.0,0.0,0.0,0.0,0.0
2wikimqa-83,2wikimqa,oracle_incremental_r0.02,oracle_incremental,2,8192,8201,820,0.02,0,0.0,7,7,0,0,16,,,0.8311653116531166,0.9936427767620349,17,7381,1.0,1.0,0.7639566395663957,0,210.55555555555554,0.7639566395663957,0.9889501772074782,17,7382,1.0,1.0,0.6359756097560976,0,315.5,0.6359756097560976,0.9466591967990392,17,7383,1.0,1.0,0.5883807588075881,0,354.52777777777777,0.5883807588075881,0.9322236955872427,17,7384,1.0,1.0,0.6315718157181571,0,319.1111111111111,0.6315718157181571,0.9592273204891434,17,7385,1.0,1.0,0.6118902439024391,0,335.25,0.6118902439024391,0.9514986627264459,17,7386,1.0,1.0,0.6391260162601626,0,312.9166666666667,0.6391260162601626,0.9657902848307692,0.0,0.0,0.0,0.0,0.0,0.0,0.0,,,,,,,,,
2wikimqa-83,2wikimqa,oracle_incremental_r0.05,oracle_incremental,1,8192,8192,820,0.05,0,0.0,8,8,1,0,9,,,0.9664295392953929,0.9900640793694119,41,7372,1.0,1.0,0.8133807588075881,0,194.02777777777777,0.8133807588075881,0.9892319965982475,41,7373,1.0,1.0,0.7876355013550136,0,215.13888888888889,0.7876355013550136,0.9890934832754352,41,7374,1.0,1.0,0.7924457994579945,0,211.19444444444446,0.7924457994579945,0.9902521089104441,41,7375,1.0,1.0,0.7500677506775068,0,245.94444444444446,0.7500677506775068,0.9869066856237927,41,7376,1.0,1.0,0.715989159891599,0,273.8888888888889,0.715989159891599,0.9668567819906064,41,7377,1.0,1.0,0.8284552845528456,0,181.66666666666666,0.8284552845528456,0.9944421837150795,41,7378,1.0,1.0,0.843529810298103,0,169.30555555555554,0.843529810298103,0.9944696441121249,0.0,0.0,0.0,0.0,0.0,0.0,0.0
2wikimqa-83,2wikimqa,oracle_incremental_r0.05,oracle_incremental,2,8192,8201,820,0.05,0,0.0,7,7,0,0,16,,,0.8311653116531166,0.9936427767620349,41,7381,1.0,1.0,0.7938685636856369,0,210.02777777777777,0.7938685636856369,0.9908966408646754,41,7382,1.0,1.0,0.6887872628726287,0,296.19444444444446,0.6887872628726287,0.9600771405066076,41,7383,1.0,1.0,0.6527777777777778,0,325.72222222222223,0.6527777777777778,0.9499064847670124,41,7384,1.0,1.0,0.721070460704607,0,269.72222222222223,0.721070460704607,0.9735808941040212,41,7385,1.0,1.0,0.7170731707317073,0,273,0.7170731707317073,0.9700301324675601,41,7386,1.0,1.0,0.7619918699186992,0,236.16666666666666,0.7619918699186992,0.9803563398724509,0.0,0.0,0.0,0.0,0.0,0.0,0.0,,,,,,,,,
2wikimqa-83,2wikimqa,oracle_incremental_r0.1,oracle_incremental,1,8192,8192,820,0.1,0,0.0,8,8,1,0,9,,,0.9664295392953929,0.9900640793694119,82,7372,1.0,1.0,0.8621612466124661,0,195.02777777777777,0.8621612466124661,0.9902758738881259,81.44444444444444,7373,1.0,1.0,0.8501355013550136,0,204.33333333333334,0.8501355013550136,0.989811520767532,80.97222222222223,7374,1.0,1.0,0.863719512195122,0,192.72222222222223,0.863719512195122,0.9910613059840869,82,7375,1.0,1.0,0.8365853658536585,0,216,0.8365853658536585,0.9899380050856665,81.72222222222223,7376,1.0,1.0,0.8125338753387534,0,235.44444444444446,0.8125338753387534,0.9777769613075084,81.16666666666667,7377,1.0,1.0,0.9002710027100271,0,162.94444444444446,0.9002710027100271,0.994902205371767,81.72222222222223,7378,1.0,1.0,0.9191734417344173,0,148,0.9191734417344173,0.9947521246911364,0.0,0.0,0.0,0.0,0.0,0.0,0.0
2wikimqa-83,2wikimqa,oracle_incremental_r0.1,oracle_incremental,2,8192,8201,820,0.1,0,0.0,7,4,0,0,14,,,0.8311653116531166,0.9936427767620349,82,7381,1.0,1.0,0.8430216802168021,0,210.72222222222223,0.8430216802168021,0.9926559518579776,82,7382,1.0,1.0,0.7715108401084011,0,269.3611111111111,0.7715108401084011,0.9727446003772416,82,7383,1.0,1.0,0.7500677506775068,0,286.94444444444446,0.7500677506775068,0.9673316671164931,81.94444444444444,7384,1.0,1.0,0.8446138211382114,0,209.36111111111111,0.8446138211382114,0.985216256745224,82,7385,1.0,1.0,0.8807926829268292,0,179.75,0.8807926829268292,0.9865028216791031,81.30555555555556,7386,1.0,1.0,0.8894308943089431,0,171.97222222222223,0.8894308943089431,0.9858693820675333,0.0,0.0,0.0,0.0,0.0,0.0,0.0,,,,,,,,,
2wikimqa-83,2wikimqa,oracle_incremental_r0.1,oracle_incremental,3,8192,8206,821,0.1,0,0.0,2,2,0,0,16,,,0.7845445933143862,0.9787984673430453,82.75,7385,1.0,1.0,0.8685884422790635,0,190.63888888888889,0.8685884422790635,0.9876319873891591,0.0,0.0,0.0,0.0,0.0,0.0,0.0,,,,,,,,,,,,,,,,,,,,,,,,,,,,,,,,,,,,,,,,,,,,,,,,,,,,,,
2wikimqa-83,2wikimqa,oracle_incremental_r0.2,oracle_incremental,1,8192,8192,820,0.2,0,0.0,8,8,1,0,9,,,0.9664295392953929,0.9900640793694119,154.52777777777777,7372,1.0,1.0,0.9496273712737128,0,195.83333333333334,0.9496273712737128,0.991040601686784,149.25,7373,1.0,1.0,0.9372289972899729,0,200.72222222222223,0.9372289972899729,0.9904459852579967,140.72222222222223,7374,1.0,1.0,0.9563685636856368,0,176.5,0.9563685636856368,0.9917850449346934,152.86111111111111,7375,1.0,1.0,0.943529810298103,0,199.16666666666666,0.943529810298103,0.9923945250626364,147.69444444444446,7376,1.0,1.0,0.9316056910569106,0,203.77777777777777,0.9316056910569106,0.9881545406940342,148.44444444444446,7377,1.0,1.0,0.9449525745257452,0,193.58333333333334,0.9449525745257452,0.9947908784173273,128.83333333333334,7378,1.0,1.0,0.9843157181571816,0,141.69444444444446,0.9843157181571816,0.9948952983336691,0.0,0.0,0.0,0.0,0.0,0.0,0.0
2wikimqa-83,2wikimqa,oracle_incremental_r0.2,oracle_incremental,2,8192,8201,820,0.2,0,0.0,7,4,0,0,14,,,0.8311653116531166,0.9936427767620349,155.19444444444446,7381,1.0,1.0,0.9324864498644987,0,210.55555555555554,0.9324864498644987,0.9942163057842727,152.33333333333334,7382,1.0,1.0,0.9080284552845529,0,227.75,0.9080284552845529,0.9855769606706654,155.33333333333334,7383,1.0,1.0,0.8993563685636856,0,237.86111111111111,0.8993563685636856,0.9828625397811345,136,7384,1.0,1.0,0.9821476964769648,0,150.63888888888889,0.9821476964769648,0.9908537183393799,130.52777777777777,7385,1.0,1.0,0.990040650406504,0,138.69444444444446,0.990040650406504,0.9901630130373144,138.83333333333334,7386,1.0,1.0,0.9777439024390244,0,157.08333333333334,0.9777439024390244,0.9890594638912066,0.0,0.0,0.0,0.0,0.0,0.0,0.0,,,,,,,,,
2wikimqa-83,2wikimqa,oracle_incremental_r0.2,oracle_incremental,3,8192,8206,821,0.2,0,0.0,2,2,0,0,16,,,0.7845445933143862,0.9787984673430453,153.13888888888889,7385,1.0,1.0,0.9546623359047233,0,190.36111111111111,0.9546623359047233,0.9893115677415807,0.0,0.0,0.0,0.0,0.0,0.0,0.0,,,,,,,,,,,,,,,,,,,,,,,,,,,,,,,,,,,,,,,,,,,,,,,,,,,,,,
hotpotqa-141,hotpotqa,oracle_incremental_r0.01,oracle_incremental,1,8192,8192,820,0.01,0,0.0,8,8,1,0,9,,,0.9613821138211381,0.988350607284007,9,7372,1.0,1.0,0.772730352303523,0,195.36111111111111,0.772730352303523,0.9887448814999168,9,7373,1.0,1.0,0.7211720867208672,0,237.63888888888889,0.7211720867208672,0.9859372963014058,9,7374,1.0,1.0,0.7139227642276422,0,243.58333333333334,0.7139227642276422,0.9883381705474821,9,7375,1.0,1.0,0.6167682926829269,0,323.25,0.6167682926829269,0.9762516916691307,9,7376,1.0,1.0,0.5453252032520325,0,381.8333333333333,0.5453252032520325,0.9402931266526736,9,7377,1.0,1.0,0.6961720867208672,0,258.1388888888889,0.6961720867208672,0.9911164924753404,9,7378,1.0,1.0,0.7115176151761518,0,245.55555555555554,0.7115176151761518,0.9928973453807524,0.0,0.0,0.0,0.0,0.0,0.0,0.0
hotpotqa-141,hotpotqa,oracle_incremental_r0.01,oracle_incremental,2,8192,8201,820,0.01,0,0.0,7,7,0,0,16,,,0.8220867208672087,0.9938120707990942,9,7381,1.0,1.0,0.7531165311653116,0,211.44444444444446,0.7531165311653116,0.9911298171753792,9,7382,1.0,1.0,0.6635840108401084,0,284.8611111111111,0.6635840108401084,0.9671340778100689,9,7383,1.0,1.0,0.8066734417344174,0,167.52777777777777,0.8066734417344174,0.9929928165590675,9,7384,1.0,1.0,0.7871612466124661,0,183.52777777777777,0.7871612466124661,0.9948749077026612,9,7385,1.0,1.0,0.7721205962059621,0,195.86111111111111,0.7721205962059621,0.9851667325037872,9,7386,1.0,1.0,0.801659891598916,0,171.63888888888889,0.801659891598916,0.9934445342748917,0.0,0.0,0.0,0.0,0.0,0.0,0.0,,,,,,,,,
hotpotqa-141,hotpotqa,oracle_incremental_r0.02,oracle_incremental,1,8192,8192,820,0.02,0,0.0,8,8,1,0,9,,,0.9613821138211381,0.988350607284007,17,7372,1.0,1.0,0.7819444444444444,0,195.80555555555554,0.7819444444444444,0.9891027107945576,17,7373,1.0,1.0,0.7375677506775068,0,232.19444444444446,0.7375677506775068,0.9865748582454916,17,7374,1.0,1.0,0.7322493224932249,0,236.55555555555554,0.7322493224932249,0.988837234317125,17,7375,1.0,1.0,0.6397357723577236,0,312.4166666666667,0.6397357723577236,0.9792693529873014,17,7376,1.0,1.0,0.5723577235772358,0,367.6666666666667,0.5723577235772358,0.9486161421116396,17,7377,1.0,1.0,0.7337737127371273,0,235.30555555555554,0.7337737127371273,0.9924200665404206,17,7378,1.0,1.0,0.7538956639566395,0,218.80555555555554,0.7538956639566395,0.9939082759706072,0.0,0.0,0.0,0.0,0.0,0.0,0.0
hotpotqa-141,hotpotqa,oracle_incremental_r0.02,oracle_incremental,2,8192,8201,820,0.02,0,0.0,7,7,0,0,16,,,0.8220867208672087,0.9938120707990942,17,7381,1.0,1.0,0.7629742547425474,0,211.36111111111111,0.7629742547425474,0.9917710453844891,17,7382,1.0,1.0,0.6800813008130081,0,279.3333333333333,0.6800813008130081,0.9715003074590226,17,7383,1.0,1.0,0.8276761517615177,0,158.30555555555554,0.8276761517615177,0.9936416729320177,17,7384,1.0,1.0,0.8154810298102981,0,168.30555555555554,0.8154810298102981,0.9954682816501389,17,7385,1.0,1.0,0.8009485094850949,0,180.22222222222223,0.8009485094850949,0.9875814533257277,17,7386,1.0,1.0,0.8371612466124662,0,150.52777777777777,0.8371612466124662,0.9942496289924418,0.0,0.0,0.0,0.0,0.0,0.0,0.0,,,,,,,,,
hotpotqa-141,hotpotqa,oracle_incremental_r0.05,oracle_incremental,1,8192,8192,820,0.05,0,0.0,8,8,1,0,9,,,0.9613821138211381,0.988350607284007,41,7372,1.0,1.0,0.8104674796747967,0,196.41666666666666,0.8104674796747967,0.990228491429339,41,7373,1.0,1.0,0.7807926829268292,0,220.75,0.7807926829268292,0.9878431386055019,41,7374,1.0,1.0,0.7830623306233062,0,218.88888888888889,0.7830623306233062,0.9901445204392073,41,7375,1.0,1.0,0.7034891598915989,0,284.1388888888889,0.7034891598915989,0.9839814336920328,41,7376,1.0,1.0,0.6519308943089431,0,326.4166666666667,0.6519308943089431,0.96309546368741,41,7377,1.0,1.0,0.8217479674796748,0,187.16666666666666,0.8217479674796748,0.9942307153144346,41,7378,1.0,1.0,0.8443428184281843,0,168.63888888888889,0.8443428184281843,0.9950287741908985,0.0,0.0,0.0,0.0,0.0,0.0,0.0
hotpotqa-141,hotpotqa,oracle_incremental_r0.05,oracle_incremental,2,8192,8201,820,0.05,0,0.0,7,7,0,0,16,,,0.8220867208672087,0.9938120707990942,41,7381,1.0,1.0,0.7931910569105691,0,210.58333333333334,0.7931910569105691,0.9930674611496653,41,7382,1.0,1.0,0.7335365853658536,0,259.5,0.7335365853658536,0.9791623318271824,41,7383,1.0,1.0,0.8763888888888889,0,142.36111111111111,0.8763888888888889,0.9946155478492753,41,7384,1.0,1.0,0.8777439024390243,0,141.25,0.8777439024390243,0.9961651726174622,41,7385,1.0,1.0,0.8559620596205962,0,159.11111111111111,0.8559620596205962,0.990115150948933,41,7386,1.0,1.0,0.9004742547425474,0,122.61111111111111,0.9004742547425474,0.9949688648937954,0.0,0.0,0.0,0.0,0.0,0.0,0.0,,,,,,,,,
hotpotqa-141,hotpotqa,oracle_incremental_r0.1,oracle_incremental,1,8192,8192,820,0.1,0,0.0,8,8,1,0,9,,,0.9613821138211381,0.988350607284007,82,7372,1.0,1.0,0.8604336043360433,0,196.44444444444446,0.8604336043360433,0.9912223152370716,81.22222222222223,7373,1.0,1.0,0.8439363143631436,0,209.19444444444446,0.8439363143631436,0.9888832416411365,80.80555555555556,7374,1.0,1.0,0.8553861788617886,0,199.38888888888889,0.8553861788617886,0.9911795343148501,82,7375,1.0,1.0,0.7960704607046071,0,249.22222222222223,0.7960704607046071,0.9887376656820178,81.41666666666667,7376,1.0,1.0,0.7646680216802167,0,274.3888888888889,0.7646680216802167,0.9764295319605745,80.86111111111111,7377,1.0,1.0,0.9058604336043361,0,158.05555555555554,0.9058604336043361,0.9947717364663854,81.25,7378,1.0,1.0,0.9295392953929539,0,139.02777777777777,0.9295392953929539,0.9953623359283396,0.0,0.0,0.0,0.0,0.0,0.0,0.0
hotpotqa-141,hotpotqa,oracle_incremental_r0.1,oracle_incremental,2,8192,8201,820,0.1,0,0.0,7,7,0,0,16,,,0.8220867208672087,0.9938120707990942,81.83333333333333,7381,1.0,1.0,0.8425813008130081,0,210.91666666666666,0.8425813008130081,0.9944107934717681,81,7382,1.0,1.0,0.815210027100271,0,232.52777777777777,0.815210027100271,0.9856638746341976,81.05555555555556,7383,1.0,1.0,0.9255420054200542,0,142.11111111111111,0.9255420054200542,0.9950264450036272,79.38888888888889,7384,1.0,1.0,0.9412262872628726,0,127.58333333333333,0.9412262872628726,0.9964867269773195,81.52777777777777,7385,1.0,1.0,0.9098915989159891,0,155.41666666666666,0.9098915989159891,0.9917270775271995,80.44444444444444,7386,1.0,1.0,0.9523712737127371,0,119.5,0.9523712737127371,0.9951889455513905,0.0,0.0,0.0,0.0,0.0,0.0,0.0,,,,,,,,,
hotpotqa-141,hotpotqa,oracle_incremental_r0.2,oracle_incremental,1,8192,8192,820,0.2,0,0.0,8,8,1,0,9,,,0.9613821138211381,0.988350607284007,154.63888888888889,7372,1.0,1.0,0.9487127371273713,0,196.69444444444446,0.9487127371273713,0.9918797720223345,149.75,7373,1.0,1.0,0.9315718157181572,0,205.86111111111111,0.9315718157181572,0.9896335627871503,142.63888888888889,7374,1.0,1.0,0.9554539295392954,0,179.16666666666666,0.9554539295392954,0.9917430441311975,150.69444444444446,7375,1.0,1.0,0.9159214092140922,0,219.63888888888889,0.9159214092140922,0.9920509847551842,146.38888888888889,7376,1.0,1.0,0.9035569105691057,0,225.47222222222223,0.9035569105691057,0.9875828403962253,147.94444444444446,7377,1.0,1.0,0.9505758807588076,0,188.47222222222223,0.9505758807588076,0.9946702368729493,129.33333333333334,7378,1.0,1.0,0.9879742547425474,0,139.19444444444446,0.9879742547425474,0.9953158895077752,0.0,0.0,0.0,0.0,0.0,0.0,0.0
hotpotqa-141,hotpotqa,oracle_incremental_r0.2,oracle_incremental,2,8192,8201,820,0.2,0,0.0,7,7,0,0,16,,,0.8220867208672087,0.9938120707990942,151.80555555555554,7381,1.0,1.0,0.927540650406504,0,211.22222222222223,0.927540650406504,0.9955599906603696,142,7382,1.0,1.0,0.9380758807588075,0,192.77777777777777,0.9380758807588075,0.992047070263229,145.5,7383,1.0,1.0,0.954810298102981,0,182.55555555555554,0.954810298102981,0.9949993777964573,120.97222222222223,7384,1.0,1.0,0.9932249322493225,0,126.52777777777777,0.9932249322493225,0.9964584638012953,143.05555555555554,7385,1.0,1.0,0.978760162601626,0,160.47222222222223,0.978760162601626,0.9926046243834383,130.16666666666666,7386,1.0,1.0,0.9934959349593496,0,135.5,0.9934959349593496,0.9953295622683426,0.0,0.0,0.0,0.0,0.0,0.0,0.0,,,,,,,,,
multifieldqa_en-114,multifieldqa_en,oracle_incremental_r0.01,oracle_incremental,1,8192,8192,820,0.01,0,0.0,8,8,1,0,9,,,0.9511856368563686,0.9899802291391561,9,7372,1.0,1.0,0.774390243902439,0,194,0.774390243902439,0.9871692176608663,9,7373,1.0,1.0,0.744579945799458,0,218.44444444444446,0.744579945799458,0.9870541159564601,9,7374,1.0,1.0,0.7379065040650407,0,223.91666666666666,0.7379065040650407,0.9880524139279815,9,7375,1.0,1.0,0.6891937669376693,0,263.8611111111111,0.6891937669376693,0.9799280648785547,9,7376,1.0,1.0,0.6183943089430894,0,321.9166666666667,0.6183943089430894,0.9339058982683249,9,7377,1.0,1.0,0.7388550135501355,0,223.13888888888889,0.7388550135501355,0.9893856781666226,9,7378,1.0,1.0,0.7279810298102981,0,232.05555555555554,0.7279810298102981,0.9847532502142162,0.0,0.0,0.0,0.0,0.0,0.0,0.0
multifieldqa_en-114,multifieldqa_en,oracle_incremental_r0.01,oracle_incremental,2,8192,8201,820,0.01,0,0.0,7,7,0,0,16,,,0.8398712737127372,0.9889613114800394,9,7381,1.0,1.0,0.8128048780487804,0,162.5,0.8128048780487804,0.9904472366832433,9,7382,1.0,1.0,0.7292005420054201,0,231.05555555555554,0.7292005420054201,0.976567651415674,9,7383,1.0,1.0,0.6982046070460705,0,256.47222222222223,0.6982046070460705,0.9613783724337148,9,7384,1.0,1.0,0.6984756097560976,0,256.25,0.6984756097560976,0.962122948717418,9,7385,1.0,1.0,0.6740514905149052,0,276.27777777777777,0.6740514905149052,0.9428083051969053,9,7386,1.0,1.0,0.680420054200542,0,271.05555555555554,0.680420054200542,0.9503988421104685,0.0,0.0,0.0,0.0,0.0,0.0,0.0,,,,,,,,,
multifieldqa_en-114,multifieldqa_en,oracle_incremental_r0.02,oracle_incremental,1,8192,8192,820,0.02,0,0.0,8,8,1,0,9,,,0.9511856368563686,0.9899802291391561,17,7372,1.0,1.0,0.7838414634146341,0,194.25,0.7838414634146341,0.9877713488673033,17,7373,1.0,1.0,0.7589769647696477,0,214.63888888888889,0.7589769647696477,0.9877953741247834,17,7374,1.0,1.0,0.7561991869918699,0,216.91666666666666,0.7561991869918699,0.988861786481754,17,7375,1.0,1.0,0.7095867208672086,0,255.13888888888889,0.7095867208672086,0.9819160839308712,17,7376,1.0,1.0,0.6489159891598916,0,304.8888888888889,0.6489159891598916,0.9424233926267446,17,7377,1.0,1.0,0.7740176151761518,0,202.30555555555554,0.7740176151761518,0.9909419609024719,17,7378,1.0,1.0,0.7635162601626017,0,210.91666666666666,0.7635162601626017,0.9865659744010243,0.0,0.0,0.0,0.0,0.0,0.0,0.0
multifieldqa_en-114,multifieldqa_en,oracle_incremental_r0.02,oracle_incremental,2,8192,8201,820,0.02,0,0.0,7,7,0,0,16,,,0.8398712737127372,0.9889613114800394,17,7381,1.0,1.0,0.822560975609756,0,162.5,0.822560975609756,0.990972451343099,17,7382,1.0,1.0,0.7472560975609757,0,224.25,0.7472560975609757,0.979281921350369,17,7383,1.0,1.0,0.719139566395664,0,247.30555555555554,0.719139566395664,0.9657740778976494,17,7384,1.0,1.0,0.7298780487804878,0,238.5,0.7298780487804878,0.9681331147143047,17,7385,1.0,1.0,0.712669376693767,0,252.61111111111111,0.712669376693767,0.9550795948896176,17,7386,1.0,1.0,0.7284214092140922,0,239.69444444444446,0.7284214092140922,0.9622950429290511,0.0,0.0,0.0,0.0,0.0,0.0,0.0,,,,,,,,,
multifieldqa_en-114,multifieldqa_en,oracle_incremental_r0.05,oracle_incremental,1,8192,8192,820,0.05,0,0.0,8,8,1,0,9,,,0.9511856368563686,0.9899802291391561,41,7372,1.0,1.0,0.8118224932249323,0,195.30555555555554,0.8118224932249323,0.9889245353197248,41,7373,1.0,1.0,0.7999322493224932,0,205.05555555555554,0.7999322493224932,0.9891025701311142,41,7374,1.0,1.0,0.803150406504065,0,202.41666666666666,0.803150406504065,0.9901415827104473,41,7375,1.0,1.0,0.7659214092140921,0,232.94444444444446,0.7659214092140921,0.985847262388818,41,7376,1.0,1.0,0.7220189701897018,0,268.94444444444446,0.7220189701897018,0.9592574431222929,41,7377,1.0,1.0,0.8517276422764227,0,162.58333333333334,0.8517276422764227,0.9931154776060801,41,7378,1.0,1.0,0.8464430894308943,0,166.91666666666666,0.8464430894308943,0.9895995621013266,0.0,0.0,0.0,0.0,0.0,0.0,0.0
multifieldqa_en-114,multifieldqa_en,oracle_incremental_r0.05,oracle_incremental,2,8192,8201,820,0.05,0,0.0,7,7,0,0,16,,,0.8398712737127372,0.9889613114800394,41,7381,1.0,1.0,0.8517953929539296,0,162.52777777777777,0.8517953929539296,0.9922486440649863,41,7382,1.0,1.0,0.7987127371273712,0,206.05555555555554,0.7987127371273712,0.9846273122421502,41,7383,1.0,1.0,0.7821138211382114,0,219.66666666666666,0.7821138211382114,0.9756066226999557,41,7384,1.0,1.0,0.813109756097561,0,194.25,0.813109756097561,0.9793885557092726,40.75,7385,1.0,1.0,0.8139227642276423,0,193.33333333333334,0.8139227642276423,0.9747489741475721,40.833333333333336,7386,1.0,1.0,0.8420054200542005,0,170.38888888888889,0.8420054200542005,0.9814144025226481,0.0,0.0,0.0,0.0,0.0,0.0,0.0,,,,,,,,,
multifieldqa_en-114,multifieldqa_en,oracle_incremental_r0.1,oracle_incremental,1,8192,8192,820,0.1,0,0.0,8,8,1,0,9,,,0.9511856368563686,0.9899802291391561,82,7372,1.0,1.0,0.8612127371273712,0,195.80555555555554,0.8612127371273712,0.9901662243976632,81.72222222222223,7373,1.0,1.0,0.8595189701897019,0,196.91666666666666,0.8595189701897019,0.9901264658798489,82,7374,1.0,1.0,0.8722560975609757,0,186.75,0.8722560975609757,0.991141113687505,81.91666666666667,7375,1.0,1.0,0.8490853658536586,0,205.66666666666666,0.8490853658536586,0.989807516858762,81.52777777777777,7376,1.0,1.0,0.8239837398373984,0,225.86111111111111,0.8239837398373984,0.9743135408778829,80.86111111111111,7377,1.0,1.0,0.9198170731707317,0,146.61111111111111,0.9198170731707317,0.9939334598103902,81.63888888888889,7378,1.0,1.0,0.921951219512195,0,145.63888888888889,0.921951219512195,0.9908028378552197,0.0,0.0,0.0,0.0,0.0,0.0,0.0
multifieldqa_en-114,multifieldqa_en,oracle_incremental_r0.1,oracle_incremental,2,8192,8201,820,0.1,0,0.0,7,7,0,0,16,,,0.8398712737127372,0.9889613114800394,81.97222222222223,7381,1.0,1.0,0.9014905149051491,0,162.75,0.9014905149051491,0.9934414000456299,81.19444444444444,7382,1.0,1.0,0.8766937669376694,0,182.30555555555554,0.8766937669376694,0.9891485272624913,80.86111111111111,7383,1.0,1.0,0.8726964769647696,0,185.25,0.8726964769647696,0.9850353618517901,79.55555555555556,7384,1.0,1.0,0.9160230352303523,0,148.41666666666666,0.9160230352303523,0.9881348771933496,76.61111111111111,7385,1.0,1.0,0.936449864498645,0,128.72222222222223,0.936449864498645,0.9883430899433868,76.11111111111111,7386,1.0,1.0,0.9481029810298103,0,118.66666666666667,0.9481029810298103,0.9911776342848551,0.0,0.0,0.0,0.0,0.0,0.0,0.0,,,,,,,,,
multifieldqa_en-114,multifieldqa_en,oracle_incremental_r0.2,oracle_incremental,1,8192,8192,820,0.2,0,0.0,8,8,1,0,9,,,0.9511856368563686,0.9899802291391561,155.11111111111111,7372,1.0,1.0,0.9490514905149051,0,196.88888888888889,0.9490514905149051,0.9910348681622724,149.91666666666666,7373,1.0,1.0,0.942039295392954,0,197.44444444444446,0.942039295392954,0.9907871657229541,144.27777777777777,7374,1.0,1.0,0.9647357723577236,0,173.19444444444446,0.9647357723577236,0.9920186848376116,146.5,7375,1.0,1.0,0.953150406504065,0,184.91666666666666,0.953150406504065,0.9930299723457652,139.36111111111111,7376,1.0,1.0,0.9373644986449865,0,190.72222222222223,0.9373644986449865,0.987711461298945,144.5,7377,1.0,1.0,0.9558265582655827,0,180.72222222222223,0.9558265582655827,0.9938282325090805,127.30555555555556,7378,1.0,1.0,0.9831639566395663,0,141.11111111111111,0.9831639566395663,0.9917022663576414,0.0,0.0,0.0,0.0,0.0,0.0,0.0
multifieldqa_en-114,multifieldqa_en,oracle_incremental_r0.2,oracle_incremental,2,8192,8201,820,0.2,0,0.0,7,7,0,0,16,,,0.8398712737127372,0.9889613114800394,141.80555555555554,7381,1.0,1.0,0.9745257452574526,0,162.69444444444446,0.9745257452574526,0.9944430892369301,133.77777777777777,7382,1.0,1.0,0.9690040650406504,0,159.19444444444446,0.9690040650406504,0.9924170499549132,137.41666666666666,7383,1.0,1.0,0.9690040650406504,0,162.83333333333334,0.9690040650406504,0.9909860664997291,125.5,7384,1.0,1.0,0.9868563685636856,0,136.27777777777777,0.9868563685636856,0.991766686911585,99.38888888888889,7385,1.0,1.0,0.9970528455284553,0,101.80555555555556,0.9970528455284553,0.992006970906536,101.69444444444444,7386,1.0,1.0,0.9933265582655827,0,107.16666666666667,0.9933265582655827,0.9923996047886805,0.0,0.0,0.0,0.0,0.0,0.0,0.0,,,,,,,,,
musique-23,musique,oracle_incremental_r0.01,oracle_incremental,1,8192,8192,820,0.01,0,0.0,8,8,1,0,9,,,0.9539972899728997,0.990383617264701,9,7372,1.0,1.0,0.7669376693766937,0,200.11111111111111,0.7669376693766937,0.983604893074684,9,7373,1.0,1.0,0.7494241192411925,0,214.47222222222223,0.7494241192411925,0.9875208399683584,9,7374,1.0,1.0,0.7208672086720868,0,237.88888888888889,0.7208672086720868,0.9885231977044574,9,7375,1.0,1.0,0.6708672086720867,0,278.8888888888889,0.6708672086720867,0.982319065497324,9,7376,1.0,1.0,0.5850271002710027,0,349.27777777777777,0.5850271002710027,0.9457019990676537,9,7377,1.0,1.0,0.7423441734417344,0,220.27777777777777,0.7423441734417344,0.991962239265477,9,7378,1.0,1.0,0.7356368563685637,0,225.77777777777777,0.7356368563685637,0.9919778411194142,0.0,0.0,0.0,0.0,0.0,0.0,0.0
musique-23,musique,oracle_incremental_r0.01,oracle_incremental,2,8192,8201,820,0.01,0,0.0,7,7,0,0,16,,,0.8299457994579946,0.9938258138921877,9,7381,1.0,1.0,0.7735772357723577,0,194.66666666666666,0.7735772357723577,0.9912283521051206,9,7382,1.0,1.0,0.6711043360433604,0,278.69444444444446,0.6711043360433604,0.9741978710104064,9,7383,1.0,1.0,0.6431233062330624,0,301.6388888888889,0.6431233062330624,0.9735554498081557,9,7384,1.0,1.0,0.6161585365853659,0,323.75,0.6161585365853659,0.9501094657205978,9,7385,1.0,1.0,0.6189363143631437,0,321.47222222222223,0.6189363143631437,0.962222543237137,9,7386,1.0,1.0,0.6149051490514905,0,324.77777777777777,0.6149051490514905,0.9440049221127884,0.0,0.0,0.0,0.0,0.0,0.0,0.0,,,,,,,,,
musique-23,musique,oracle_incremental_r0.02,oracle_incremental,1,8192,8192,820,0.02,0,0.0,8,8,1,0,9,,,0.9539972899728997,0.990383617264701,17,7372,1.0,1.0,0.7760840108401084,0,200.61111111111111,0.7760840108401084,0.9841971230235167,17,7373,1.0,1.0,0.7657181571815719,0,209.11111111111111,0.7657181571815719,0.9881118393682454,17,7374,1.0,1.0,0.740650406504065,0,229.66666666666666,0.740650406504065,0.9890545655576225,17,7375,1.0,1.0,0.6911585365853659,0,270.25,0.6911585365853659,0.9840129452789725,17,7376,1.0,1.0,0.610840108401084,0,336.1111111111111,0.610840108401084,0.9532624343933618,17,7377,1.0,1.0,0.7759146341463414,0,200.75,0.7759146341463414,0.9930099576860902,17,7378,1.0,1.0,0.776050135501355,0,200.63888888888889,0.776050135501355,0.9931482460773363,0.0,0.0,0.0,0.0,0.0,0.0,0.0
musique-23,musique,oracle_incremental_r0.02,oracle_incremental,2,8192,8201,820,0.02,0,0.0,7,7,0,0,16,,,0.8299457994579946,0.9938258138921877,17,7381,1.0,1.0,0.7828590785907859,0,195.05555555555554,0.7828590785907859,0.9918209245305912,17,7382,1.0,1.0,0.6898712737127372,0,271.30555555555554,0.6898712737127372,0.9775275271693321,17,7383,1.0,1.0,0.6698170731707317,0,287.75,0.6698170731707317,0.9781824751214172,17,7384,1.0,1.0,0.6507113821138212,0,303.4166666666667,0.6507113821138212,0.961661572405674,17,7385,1.0,1.0,0.6623983739837398,0,293.8333333333333,0.6623983739837398,0.9713565638493281,17,7386,1.0,1.0,0.6665311653116531,0,290.44444444444446,0.6665311653116531,0.9623195412464964,0.0,0.0,0.0,0.0,0.0,0.0,0.0,,,,,,,,,
musique-23,musique,oracle_incremental_r0.05,oracle_incremental,1,8192,8192,820,0.05,0,0.0,8,8,1,0,9,,,0.9539972899728997,0.990383617264701,41,7372,1.0,1.0,0.8049457994579946,0,200.94444444444446,0.8049457994579946,0.9856715680177512,41,7373,1.0,1.0,0.8046409214092141,0,201.19444444444446,0.8046409214092141,0.9889814635386296,41,7374,1.0,1.0,0.7917344173441734,0,211.77777777777777,0.7917344173441734,0.9900832519801394,41,7375,1.0,1.0,0.7467140921409214,0,248.69444444444446,0.7467140921409214,0.9874763509387582,41,7376,1.0,1.0,0.682960704607046,0,300.97222222222223,0.682960704607046,0.9672944839902728,41,7377,1.0,1.0,0.8515582655826558,0,162.72222222222223,0.8515582655826558,0.9943442693911287,41,7378,1.0,1.0,0.8586382113821138,0,156.91666666666666,0.8586382113821138,0.9944107599444223,0.0,0.0,0.0,0.0,0.0,0.0,0.0
musique-23,musique,oracle_incremental_r0.05,oracle_incremental,2,8192,8201,820,0.05,0,0.0,7,7,0,0,16,,,0.8299457994579946,0.9938258138921877,41,7381,1.0,1.0,0.8122289972899729,0,194.97222222222223,0.8122289972899729,0.9931399800705938,41,7382,1.0,1.0,0.7433265582655827,0,251.47222222222223,0.7433265582655827,0.9837296875462264,41,7383,1.0,1.0,0.747289972899729,0,248.22222222222223,0.747289972899729,0.9859470022204848,41,7384,1.0,1.0,0.7414634146341463,0,253,0.7414634146341463,0.9768177745734946,41,7385,1.0,1.0,0.7766937669376693,0,224.11111111111111,0.7766937669376693,0.984826442394895,41,7386,1.0,1.0,0.7969173441734417,0,207.52777777777777,0.7969173441734417,0.9842600974455665,0.0,0.0,0.0,0.0,0.0,0.0,0.0,,,,,,,,,
musique-23,musique,oracle_incremental_r0.1,oracle_incremental,1,8192,8192,820,0.1,0,0.0,8,8,1,0,9,,,0.9539972899728997,0.990383617264701,82,7372,1.0,1.0,0.8541327913279133,0,201.61111111111111,0.8541327913279133,0.9873166689292958,81.77777777777777,7373,1.0,1.0,0.8655487804878049,0,192.02777777777777,0.8655487804878049,0.9901677855340472,82,7374,1.0,1.0,0.8643292682926829,0,193.25,0.8643292682926829,0.991159018142612,82,7375,1.0,1.0,0.8282181571815718,0,222.86111111111111,0.8282181571815718,0.990958805976655,81.05555555555556,7376,1.0,1.0,0.7787601626016261,0,262.47222222222223,0.7787601626016261,0.9790242334621639,80.75,7377,1.0,1.0,0.9100609756097561,0,154.5,0.9100609756097561,0.9947886589891919,81.75,7378,1.0,1.0,0.9304878048780487,0,138.75,0.9304878048780487,0.9948711630294695,0.0,0.0,0.0,0.0,0.0,0.0,0.0
musique-23,musique,oracle_incremental_r0.1,oracle_incremental,2,8192,8201,820,0.1,0,0.0,7,7,0,0,16,,,0.8299457994579946,0.9938258138921877,82,7381,1.0,1.0,0.8638211382113821,0,193.66666666666666,0.8638211382113821,0.9945313953537168,81.5,7382,1.0,1.0,0.8260840108401084,0,224.11111111111111,0.8260840108401084,0.9886298707349991,80.27777777777777,7383,1.0,1.0,0.8616869918699187,0,193.69444444444446,0.8616869918699187,0.9917066508283345,80.61111111111111,7384,1.0,1.0,0.8622628726287263,0,193.55555555555554,0.8622628726287263,0.9879624649073928,77.38888888888889,7385,1.0,1.0,0.9178184281842818,0,144.77777777777777,0.9178184281842818,0.9925272524156866,75.69444444444444,7386,1.0,1.0,0.9408875338753387,0,124.16666666666667,0.9408875338753387,0.9933496619595553,0.0,0.0,0.0,0.0,0.0,0.0,0.0,,,,,,,,,
musique-23,musique,oracle_incremental_r0.2,oracle_incremental,1,8192,8192,820,0.2,0,0.0,8,8,1,0,9,,,0.9539972899728997,0.990383617264701,155.36111111111111,7372,1.0,1.0,0.9421747967479674,0,202.77777777777777,0.9421747967479674,0.9890861417962588,151.44444444444446,7373,1.0,1.0,0.9444105691056911,0,197.02777777777777,0.9444105691056911,0.9905475506919456,148.19444444444446,7374,1.0,1.0,0.959789972899729,0,181.16666666666666,0.959789972899729,0.9919550927064457,151.5,7375,1.0,1.0,0.9300813008130081,0,208.83333333333334,0.9300813008130081,0.9931590604482615,146.36111111111111,7376,1.0,1.0,0.9093157181571816,0,220.72222222222223,0.9093157181571816,0.9891005210652057,149.16666666666666,7377,1.0,1.0,0.9425135501355013,0,196.30555555555554,0.9425135501355013,0.9946159065223831,125.41666666666667,7378,1.0,1.0,0.9893970189701897,0,134.11111111111111,0.9893970189701897,0.9949794276842814,0.0,0.0,0.0,0.0,0.0,0.0,0.0
musique-23,musique,oracle_incremental_r0.2,oracle_incremental,2,8192,8201,820,0.2,0,0.0,7,7,0,0,16,,,0.8299457994579946,0.9938258138921877,149.47222222222223,7381,1.0,1.0,0.9459688346883469,0,193.77777777777777,0.9459688346883469,0.9955124554659311,143.77777777777777,7382,1.0,1.0,0.9442073170731707,0,189.52777777777777,0.9442073170731707,0.9928703028525482,122.52777777777777,7383,1.0,1.0,0.9856368563685637,0,134.30555555555554,0.9856368563685637,0.994966045022098,130.75,7384,1.0,1.0,0.9784552845528455,0,148.41666666666666,0.9784552845528455,0.9943791582503964,99.63888888888889,7385,1.0,1.0,0.996239837398374,0,102.72222222222223,0.996239837398374,0.9941348047967699,102.63888888888889,7386,1.0,1.0,0.9924457994579946,0,108.83333333333333,0.9924457994579946,0.9943260658552612,0.0,0.0,0.0,0.0,0.0,0.0,0.0,,,,,,,,,
qasper-178,qasper,oracle_incremental_r0.01,oracle_incremental,1,8192,8192,820,0.01,0,0.0,8,2,0,0,3,,,0.9602642276422764,0.9891926796603085,9,7372,1.0,1.0,0.7702235772357724,0,197.41666666666666,0.7702235772357724,0.9792796355059581,9,7373,1.0,1.0,0.7949864498644986,0,177.11111111111111,0.7949864498644986,0.9863631124712291,9,7374,1.0,1.0,0.7544376693766938,0,210.36111111111111,0.7544376693766938,0.9849718542567093,9,7375,1.0,1.0,0.7298780487804878,0,230.5,0.7298780487804878,0.9824988383506524,9,7376,1.0,1.0,0.6380420054200542,0,305.80555555555554,0.6380420054200542,0.9248074482278361,9,7377,1.0,1.0,0.7626016260162601,0,203.66666666666666,0.7626016260162601,0.9885103046419764,9,7378,1.0,1.0,0.7704268292682926,0,197.25,0.7704268292682926,0.9865670758236984,0.0,0.0,0.0,0.0,0.0,0.0,0.0
qasper-178,qasper,oracle_incremental_r0.01,oracle_incremental,2,8192,8195,820,0.01,0,0.0,8,3,0,0,7,,,0.8953590785907859,0.9889838931452136,9,7375,1.0,1.0,0.7518631436314364,0,212.47222222222223,0.7518631436314364,0.9767158283826737,9,7376,1.0,1.0,0.8425813008130081,0,138.08333333333334,0.8425813008130081,0.9888523592754078,9,7377,1.0,1.0,0.7265921409214092,0,233.19444444444446,0.7265921409214092,0.9770953141245742,9,7378,1.0,1.0,0.6873983739837398,0,265.3333333333333,0.6873983739837398,0.9644534521846228,9,7379,1.0,1.0,0.7184281842818429,0,239.88888888888889,0.7184281842818429,0.9745890526266466,9,7380,1.0,1.0,0.7419376693766938,0,220.61111111111111,0.7419376693766938,0.9848994209490137,9,7381,1.0,1.0,0.7496951219512196,0,214.25,0.7496951219512196,0.9872297947247812,0.0,0.0,0.0,0.0,0.0,0.0,0.0
qasper-178,qasper,oracle_incremental_r0.01,oracle_incremental,3,8192,8199,820,0.01,0,0.0,8,2,0,0,10,,,0.840819783197832,0.9877462716063479,9,7379,1.0,1.0,0.8432249322493225,0,137.55555555555554,0.8432249322493225,0.9875852467811249,9,7380,1.0,1.0,0.7757791327913279,0,192.86111111111111,0.7757791327913279,0.9781796545367726,9,7381,1.0,1.0,0.7930894308943089,0,178.66666666666666,0.7930894308943089,0.9830748864097402,9,7382,1.0,1.0,0.8017615176151761,0,171.55555555555554,0.8017615176151761,0.990226359300883,9,7383,1.0,1.0,0.8122289972899729,0,162.97222222222223,0.8122289972899729,0.991280977473923,9,7384,1.0,1.0,0.8091124661246613,0,165.52777777777777,0.8091124661246613,0.9898185896108747,9,7385,1.0,1.0,0.8163617886178862,0,159.58333333333334,0.8163617886178862,0.9905315195078679,0.0,0.0,0.0,0.0,0.0,0.0,0.0
qasper-178,qasper,oracle_incremental_r0.01,oracle_incremental,4,8192,8202,821,0.01,0,0.0,6,6,0,0,16,,,0.8491338476113142,0.9842245719345781,9,7381,1.0,1.0,0.8383407768304236,0,141.72222222222223,0.8383407768304236,0.9878868861236161,9,7382,1.0,1.0,0.8304912708079578,0,148.16666666666666,0.8304912708079578,0.9885571095178527,9,7383,1.0,1.0,0.8218297469210989,0,155.27777777777777,0.8218297469210989,0.9813588319137027,9,7384,1.0,1.0,0.8240627960481797,0,153.44444444444446,0.8240627960481797,0.9827603694585814,9,7385,1.0,1.0,0.8249086479902558,0,152.75,0.8249086479902558,0.9841573497736988,0.0,0.0,0.0,0.0,0.0,0.0,0.0,,,,,,,,,,,,,,,,,,
qasper-178,qasper,oracle_incremental_r0.02,oracle_incremental,1,8192,8192,820,0.02,0,0.0,8,2,0,0,3,,,0.9602642276422764,0.9891926796603085,17,7372,1.0,1.0,0.7798441734417344,0,197.52777777777777,0.7798441734417344,0.9801692685384619,17,7373,1.0,1.0,0.8092479674796748,0,173.41666666666666,0.8092479674796748,0.9870528204701428,17,7374,1.0,1.0,0.7723915989159892,0,203.63888888888889,0.7723915989159892,0.985740290039969,17,7375,1.0,1.0,0.7526422764227643,0,219.83333333333334,0.7526422764227643,0.9846619012581483,17,7376,1.0,1.0,0.6643631436314363,0,292.22222222222223,0.6643631436314363,0.9352301983581015,17,7377,1.0,1.0,0.7940040650406504,0,185.91666666666666,0.7940040650406504,0.9901942433847829,17,7378,1.0,1.0,0.8066395663956639,0,175.55555555555554,0.8066395663956639,0.9882879823301756,0.0,0.0,0.0,0.0,0.0,0.0,0.0
qasper-178,qasper,oracle_incremental_r0.02,oracle_incremental,2,8192,8195,820,0.02,0,0.0,8,3,0,0,7,,,0.8953590785907859,0.9889838931452136,17,7375,1.0,1.0,0.7587737127371273,0,214.80555555555554,0.7587737127371273,0.9774664351072739,17,7376,1.0,1.0,0.8534552845528456,0,137.16666666666666,0.8534552845528456,0.9891625952796489,17,7377,1.0,1.0,0.7486788617886179,0,223.08333333333334,0.7486788617886179,0.9796021188165827,17,7378,1.0,1.0,0.7118563685636856,0,253.27777777777777,0.7118563685636856,0.9695159135869769,17,7379,1.0,1.0,0.7496612466124661,0,222.27777777777777,0.7496612466124661,0.9787408912025937,17,7380,1.0,1.0,0.7773373983739837,0,199.58333333333334,0.7773373983739837,0.9876992651135655,17,7381,1.0,1.0,0.7918021680216802,0,187.72222222222223,0.7918021680216802,0.9896949915655511,0.0,0.0,0.0,0.0,0.0,0.0,0.0
qasper-178,qasper,oracle_incremental_r0.02,oracle_incremental,3,8192,8199,820,0.02,0,0.0,8,2,0,0,10,,,0.840819783197832,0.9877462716063479,17,7379,1.0,1.0,0.8533536585365854,0,137.25,0.8533536585365854,0.9881479116728367,17,7380,1.0,1.0,0.7902439024390244,0,189,0.7902439024390244,0.980225185789479,17,7381,1.0,1.0,0.8114837398373984,0,171.58333333333334,0.8114837398373984,0.9848898050989351,17,7382,1.0,1.0,0.8241869918699187,0,161.16666666666666,0.8241869918699187,0.9913505058584401,17,7383,1.0,1.0,0.8383468834688347,0,149.55555555555554,0.8383468834688347,0.9922911708815652,17,7384,1.0,1.0,0.8440718157181571,0,144.86111111111111,0.8440718157181571,0.9913468592298434,17,7385,1.0,1.0,0.8530826558265583,0,137.47222222222223,0.8530826558265583,0.99196198425393,0.0,0.0,0.0,0.0,0.0,0.0,0.0
qasper-178,qasper,oracle_incremental_r0.02,oracle_incremental,4,8192,8202,821,0.02,0,0.0,6,6,0,0,16,,,0.8491338476113142,0.9842245719345781,17,7381,1.0,1.0,0.8480849912031398,0,141.72222222222223,0.8480849912031398,0.9886050434118975,17,7382,1.0,1.0,0.8483556638246041,0,141.5,0.8483556638246041,0.9897924463498917,17,7383,1.0,1.0,0.8440925700365408,0,145,0.8440925700365408,0.9837654109681404,17,7384,1.0,1.0,0.8513668967383949,0,139.02777777777777,0.8513668967383949,0.9854389426527526,17,7385,1.0,1.0,0.8529909324671809,0,137.69444444444446,0.8529909324671809,0.9872796232072001,0.0,0.0,0.0,0.0,0.0,0.0,0.0,,,,,,,,,,,,,,,,,,
qasper-178,qasper,oracle_incremental_r0.05,oracle_incremental,1,8192,8192,820,0.05,0,0.0,8,2,0,0,3,,,0.9602642276422764,0.9891926796603085,41,7372,1.0,1.0,0.8097560975609757,0,197,0.8097560975609757,0.9830691219651573,41,7373,1.0,1.0,0.8479336043360434,0,165.69444444444446,0.8479336043360434,0.9883480349666725,41,7374,1.0,1.0,0.8187330623306233,0,189.63888888888889,0.8187330623306233,0.987334162884626,41,7375,1.0,1.0,0.8090785907859078,0,197.55555555555554,0.8090785907859078,0.988248877572227,41,7376,1.0,1.0,0.7345528455284552,0,258.6666666666667,0.7345528455284552,0.9553565361181183,41,7377,1.0,1.0,0.8593834688346883,0,156.30555555555554,0.8593834688346883,0.9923068980172619,41,7378,1.0,1.0,0.8734756097560976,0,144.75,0.8734756097560976,0.9903776451179197,0.0,0.0,0.0,0.0,0.0,0.0,0.0
qasper-178,qasper,oracle_incremental_r0.05,oracle_incremental,2,8192,8195,820,0.05,0,0.0,8,3,0,0,7,,,0.8953590785907859,0.9889838931452136,41,7375,1.0,1.0,0.7882791327913279,0,214.61111111111111,0.7882791327913279,0.9803562056811567,41,7376,1.0,1.0,0.8827235772357723,0,137.16666666666666,0.8827235772357723,0.9897269688645705,41,7377,1.0,1.0,0.8035569105691057,0,202.08333333333334,0.8035569105691057,0.9837275536613607,41,7378,1.0,1.0,0.772289972899729,0,227.72222222222223,0.772289972899729,0.979083372322945,41,7379,1.0,1.0,0.825779132791328,0,183.86111111111111,0.825779132791328,0.985402293315675,41,7380,1.0,1.0,0.8588753387533875,0,156.72222222222223,0.8588753387533875,0.9920867921438686,41,7381,1.0,1.0,0.8823170731707317,0,137.5,0.8823170731707317,0.9928424951292009,0.0,0.0,0.0,0.0,0.0,0.0,0.0
qasper-178,qasper,oracle_incremental_r0.05,oracle_incremental,3,8192,8199,820,0.05,0,0.0,8,2,0,0,10,,,0.840819783197832,0.9877462716063479,41,7379,1.0,1.0,0.8836382113821138,0,136.41666666666666,0.8836382113821138,0.9891967105789389,41,7380,1.0,1.0,0.8252371273712737,0,184.30555555555554,0.8252371273712737,0.984203086190385,41,7381,1.0,1.0,0.8577235772357724,0,157.66666666666666,0.8577235772357724,0.9881652564936513,41,7382,1.0,1.0,0.8786585365853659,0,140.5,0.8786585365853659,0.9932517337089338,41,7383,1.0,1.0,0.8935975609756097,0,128.25,0.8935975609756097,0.9934007624923271,41,7384,1.0,1.0,0.913109756097561,0,112.25,0.913109756097561,0.9931447036549507,41,7385,1.0,1.0,0.9170392953929539,0,109.02777777777777,0.9170392953929539,0.9933074519348065,0.0,0.0,0.0,0.0,0.0,0.0,0.0
qasper-178,qasper,oracle_incremental_r0.05,oracle_incremental,4,8192,8202,821,0.05,0,0.0,6,6,0,0,16,,,0.8491338476113142,0.9842245719345781,42,7381,1.0,1.0,0.8783664907294627,0,141.86111111111111,0.8783664907294627,0.990381958254071,41.888888888888886,7382,1.0,1.0,0.9004939775341724,0,123.58333333333333,0.9004939775341724,0.9922102536350635,42,7383,1.0,1.0,0.9003586412234402,0,123.80555555555556,0.9003586412234402,0.9881652976004678,41.94444444444444,7384,1.0,1.0,0.9133847611314115,0,113.05555555555556,0.9133847611314115,0.9899606400556046,42,7385,1.0,1.0,0.9064149411287048,0,118.83333333333333,0.9064149411287048,0.9918095814556641,0.0,0.0,0.0,0.0,0.0,0.0,0.0,,,,,,,,,,,,,,,,,,
qasper-178,qasper,oracle_incremental_r0.1,oracle_incremental,1,8192,8192,820,0.1,0,0.0,8,2,0,0,3,,,0.9602642276422764,0.9891926796603085,82,7372,1.0,1.0,0.8590785907859079,0,197.55555555555554,0.8590785907859079,0.9856573060206254,82,7373,1.0,1.0,0.9034214092140922,0,161.19444444444446,0.9034214092140922,0.9892781614378168,81.83333333333333,7374,1.0,1.0,0.8820121951219512,0,178.58333333333334,0.8820121951219512,0.9885581657060968,81.52777777777777,7375,1.0,1.0,0.8851287262872629,0,175.72222222222223,0.8851287262872629,0.9910399587101331,80.13888888888889,7376,1.0,1.0,0.8236449864498645,0,224.75,0.8236449864498645,0.9729956025969377,80.55555555555556,7377,1.0,1.0,0.9097560975609756,0,154.55555555555554,0.9097560975609756,0.9931308477872679,81.66666666666667,7378,1.0,1.0,0.9308943089430894,0,138.33333333333334,0.9308943089430894,0.9912018443937133,0.0,0.0,0.0,0.0,0.0,0.0,0.0
qasper-178,qasper,oracle_incremental_r0.1,oracle_incremental,2,8192,8195,820,0.1,0,0.0,8,3,0,0,7,,,0.8953590785907859,0.9889838931452136,82,7375,1.0,1.0,0.838550135501355,0,214.38888888888889,0.838550135501355,0.9836413382941821,81.80555555555556,7376,1.0,1.0,0.9235433604336043,0,144.5,0.9235433604336043,0.9899560702369028,81.88888888888889,7377,1.0,1.0,0.8697493224932249,0,188.69444444444446,0.8697493224932249,0.9868035789786949,81.69444444444444,7378,1.0,1.0,0.8466463414634147,0,207.44444444444446,0.8466463414634147,0.9861259038822463,80.83333333333333,7379,1.0,1.0,0.9115853658536586,0,153.33333333333334,0.9115853658536586,0.9900201973333732,77.47222222222223,7380,1.0,1.0,0.9426829268292682,0,124.47222222222223,0.9426829268292682,0.9936707814239634,76.22222222222223,7381,1.0,1.0,0.9507113821138211,0,116.63888888888889,0.9507113821138211,0.9934238794937302,0.0,0.0,0.0,0.0,0.0,0.0,0.0
qasper-178,qasper,oracle_incremental_r0.1,oracle_incremental,3,8192,8199,820,0.1,0,0.0,8,2,0,0,10,,,0.840819783197832,0.9877462716063479,81,7379,1.0,1.0,0.9318766937669377,0,136.86111111111111,0.9318766937669377,0.9900935713868021,81.33333333333333,7380,1.0,1.0,0.8819783197831979,0,178.11111111111111,0.8819783197831979,0.988146037605393,81,7381,1.0,1.0,0.9176490514905149,0,148.52777777777777,0.9176490514905149,0.9906051614568695,78.19444444444444,7382,1.0,1.0,0.9422086720867209,0,125.58333333333333,0.9422086720867209,0.9937541063253814,76.69444444444444,7383,1.0,1.0,0.9504742547425474,0,117.30555555555556,0.9504742547425474,0.9937026554897621,71.38888888888889,7384,1.0,1.0,0.9684959349593496,0,97.22222222222223,0.9684959349593496,0.9936541272443974,73.80555555555556,7385,1.0,1.0,0.9670054200542005,0,100.86111111111111,0.9670054200542005,0.9935671774467645,0.0,0.0,0.0,0.0,0.0,0.0,0.0
qasper-178,qasper,oracle_incremental_r0.1,oracle_incremental,4,8192,8202,821,0.1,0,0.0,6,6,0,0,16,,,0.8491338476113142,0.9842245719345781,81.36111111111111,7381,1.0,1.0,0.9267153877385302,0,141.52777777777777,0.9267153877385302,0.9919084024104022,77.47222222222223,7382,1.0,1.0,0.9675869535796454,0,104.08333333333333,0.9675869535796454,0.9934789032055061,78.69444444444444,7383,1.0,1.0,0.9574028961970497,0,113.66666666666667,0.9574028961970497,0.9908559184189448,74.88888888888889,7384,1.0,1.0,0.9660644200839085,0,102.75,0.9660644200839085,0.9916770606278391,78.86111111111111,7385,1.0,1.0,0.9517526052239816,0,118.47222222222223,0.9517526052239816,0.9936041498972851,0.0,0.0,0.0,0.0,0.0,0.0,0.0,,,,,,,,,,,,,,,,,,
qasper-178,qasper,oracle_incremental_r0.2,oracle_incremental,1,8192,8192,820,0.2,0,0.0,8,2,0,0,3,,,0.9602642276422764,0.9891926796603085,148.19444444444446,7372,1.0,1.0,0.9385162601626016,0,198.61111111111111,0.9385162601626016,0.9881416941551022,150.22222222222223,7373,1.0,1.0,0.9754742547425475,0,170.33333333333334,0.9754742547425475,0.9898875178068944,143.41666666666666,7374,1.0,1.0,0.9672086720867209,0,170.30555555555554,0.9672086720867209,0.9896698180897218,142.55555555555554,7375,1.0,1.0,0.9692750677506775,0,167.75,0.9692750677506775,0.9928775929180261,141.97222222222223,7376,1.0,1.0,0.9321476964769647,0,197.61111111111111,0.9321476964769647,0.9871860100687609,146.33333333333334,7377,1.0,1.0,0.9524051490514905,0,185.36111111111111,0.9524051490514905,0.993180692509135,129.27777777777777,7378,1.0,1.0,0.9868902439024391,0,140.02777777777777,0.9868902439024391,0.991154487991559,0.0,0.0,0.0,0.0,0.0,0.0,0.0
qasper-178,qasper,oracle_incremental_r0.2,oracle_incremental,2,8192,8195,820,0.2,0,0.0,8,3,0,0,7,,,0.8953590785907859,0.9889838931452136,158.75,7375,1.0,1.0,0.9305894308943089,0,215.66666666666666,0.9305894308943089,0.9866524653834229,151.38888888888889,7376,1.0,1.0,0.9747967479674796,0,172.05555555555554,0.9747967479674796,0.9899625121758229,150,7377,1.0,1.0,0.948780487804878,0,192,0.948780487804878,0.9888846222986368,145.97222222222223,7378,1.0,1.0,0.9451558265582656,0,190.94444444444446,0.9451558265582656,0.991296033072936,127.30555555555556,7379,1.0,1.0,0.9809620596205962,0,142.91666666666666,0.9809620596205962,0.9918634157735827,106.08333333333333,7380,1.0,1.0,0.9830962059620596,0,119.94444444444444,0.9830962059620596,0.9936120079384014,108.05555555555556,7381,1.0,1.0,0.9910569105691057,0,115.38888888888889,0.9910569105691057,0.993617996129549,0.0,0.0,0.0,0.0,0.0,0.0,0.0
qasper-178,qasper,oracle_incremental_r0.2,oracle_incremental,3,8192,8199,820,0.2,0,0.0,8,1,0,0,9,,,0.840819783197832,0.9877462716063479,127.66666666666667,7379,1.0,1.0,0.989430894308943,0,136.33333333333334,0.989430894308943,0.9903057831929165,155.08333333333334,7380,1.0,1.0,0.9503726287262872,0,195.77777777777777,0.9503726287262872,0.9910387308406604,147.02777777777777,7381,1.0,1.0,0.9819783197831978,0,161.80555555555554,0.9819783197831978,0.9903237864566642,142.94444444444446,7382,1.0,1.0,0.94579945799458,0,187.38888888888889,0.94579945799458,0.9906570914209049,129.02777777777777,7383,1.0,1.0,0.9775745257452575,0,147.41666666666666,0.9775745257452575,0.9916552062813762,122.33333333333333,7384,1.0,1.0,0.9866869918699187,0,133.25,0.9866869918699187,0.9932746819898971,101.61111111111111,7385,1.0,1.0,0.9920731707317073,0,108.11111111111111,0.9920731707317073,0.9938693011532529,0.0,0.0,0.0,0.0,0.0,0.0,0.0
qasper-178,qasper,oracle_incremental_r0.2,oracle_incremental,4,8192,8201,820,0.2,0,0.0,7,0,0,1,10,,,0.8972560975609756,0.9882764934865635,134.63888888888889,7381,1.0,1.0,0.9751016260162602,0,155.05555555555554,0.9751016260162602,0.9914084245982487,107.16666666666667,7382,1.0,1.0,0.9817411924119241,0,122.13888888888889,0.9817411924119241,0.9936528418037358,108.44444444444444,7383,1.0,1.0,0.9924457994579946,0,114.63888888888889,0.9924457994579946,0.9937318199534795,90.75,7384,1.0,1.0,0.9969850948509485,0,93.22222222222223,0.9969850948509485,0.9937410271861357,96.69444444444444,7385,1.0,1.0,0.9944444444444445,0,101.25,0.9944444444444445,0.9935986354595203,96.44444444444444,7386,1.0,1.0,0.9922764227642277,0,102.77777777777777,0.9922764227642277,0.9934122737216191,0.0,0.0,0.0,0.0,0.0,0.0,0.0,,,,,,,,,
qasper-178,qasper,oracle_incremental_r0.2,oracle_incremental,5,8192,8202,821,0.2,0,0.0,6,6,0,0,16,,,0.8970090675328191,0.988650275875089,105.88888888888889,7381,1.0,1.0,0.9877182298010556,0,115.97222222222223,0.9877182298010556,0.9940814197238826,89.97222222222223,7382,1.0,1.0,0.9987143050480444,0,91.02777777777777,0.9987143050480444,0.9934443103670977,109.69444444444444,7383,1.0,1.0,0.9930978481526593,0,115.36111111111111,0.9930978481526593,0.9921129126668219,100.47222222222223,7384,1.0,1.0,0.9966165922316957,0,103.25,0.9966165922316957,0.9920869309842898,114.88888888888889,7385,1.0,1.0,0.9914738124238733,0,121.88888888888889,0.9914738124238733,0.9942577518960467,0.0,0.0,0.0,0.0,0.0,0.0,0.0,,,,,,,,,,,,,,,,,,
